ACC_X,ACC_Y,ACC_Z,PPG
32764,29236,40192,42055
32796,29784,39932,7327
32888,29456,39992,12988
32884,29584,40024,13710
32664,29308,40168,13722
32828,29376,40172,13727
32752,29488,40124,13723
32796,29444,40032,13692
32812,29600,40072,13645
32736,29848,40196,13615
32820,29492,39972,13595
32860,29592,40096,13567
32564,29788,40304,13540
32724,30020,40156,13518
32624,29468,40280,13500
32552,30120,40388,13480
32668,30096,40368,13468
32752,30008,40196,13464
33172,29076,39872,13458
32576,29688,40244,13458
32552,29956,40144,13462
32452,30072,40576,13462
32684,29804,40324,13449
32516,28912,40872,13440
32344,27400,40252,13457
32840,29568,39808,13485
33056,28996,39616,13494
34500,29500,39184,13492
33696,28648,40124,13502
33268,29768,39972,13509
33420,29352,40232,13514
33380,29876,40324,13515
33260,29296,40512,13517
33176,29052,40588,13515
33224,28844,40624,13515
33360,28704,40436,13512
33944,28660,40232,13499
34028,28748,40112,13495
34792,28644,39640,13489
35860,28472,39204,13482
36112,28456,39012,13465
35808,28784,38756,13453
36400,28160,39952,13445
35168,30452,37048,13440
37116,28668,39156,13438
37432,31012,37840,13450
37784,31608,37732,13313
39212,26720,36728,13102
37624,29148,38124,13124
34264,26412,40192,13142
36732,30268,37412,13095
38208,28980,36852,12903
37924,29452,36736,12775
39040,29324,36080,12683
38192,28960,36160,14393
38640,28948,35760,15348
38276,27524,35656,17520
38584,28388,35440,23719
38540,27720,35792,29863
38600,28148,35596,36008
38192,28192,35680,42152
38336,28044,35868,44340
38156,28764,35836,41558
37972,29372,36292,38912
38760,29284,36720,32768
38416,29376,37060,26624
37648,29796,38072,20480
38048,29860,38764,14988
37312,31732,39112,13902
37208,31508,39700,13297
37152,32328,39656,13201
36780,33232,39208,13181
36544,32744,40400,13179
36752,32944,39552,13206
36324,33588,40164,13233
36480,33920,40280,13276
36088,33400,40368,13329
35940,34060,40368,13374
36052,33780,40328,13407
36060,33832,40156,13447
35860,34204,40364,13469
35872,34436,40156,13471
36028,34140,40116,13468
35844,34392,40104,13460
35736,33200,40288,13453
35800,33348,40704,13426
35848,33628,40076,13363
35876,33792,40120,13305
36072,34328,39912,13261
35764,34464,39852,13233
35588,34348,40096,13219
35564,34680,40140,13206
35508,34024,40248,13205
35360,34236,40164,13211
35428,33960,40484,13217
35424,33984,40380,13228
35200,33668,40524,13235
35220,33540,40684,13249
35104,33452,40692,13265
35020,33328,40720,13282
35064,33328,40560,13296
35068,33300,40468,13314
35012,33140,40604,13335
35048,33132,40584,13353
34992,33020,40672,13364
34880,33068,40620,13362
34848,32912,40640,13346
34856,33156,40564,13338
34876,32904,40684,13338
34944,33096,40580,13337
34880,33028,40604,13341
35008,32992,40568,13349
34920,33204,40576,13361
34940,33032,40604,13370
34884,33036,40620,13397
34912,32996,40580,13409
34880,33072,40596,13429
34908,33104,40504,13444
34972,33124,40508,13468
35004,32896,40580,13487
34772,33088,40584,13505
34744,32912,40568,13527
34692,32940,40628,13552
34744,32876,40620,13570
34772,32536,40648,13577
34744,32576,40680,13563
34668,32716,40688,13563
34652,32772,40692,13572
34636,32844,40644,13578
34756,32788,40620,13590
34744,32708,40632,13603
34656,32716,40684,13616
34732,32768,40692,13628
34684,32720,40656,13642
34596,32800,40600,13655
34664,32632,40704,13673
34640,32820,40660,13690
34676,32828,40648,13709
34640,32732,40636,13727
34664,32800,40656,13744
34644,32768,40676,13763
34652,32744,40684,13782
34668,32876,40572,13799
34564,32672,40564,13806
34656,33280,40536,13817
34576,34064,40372,13858
34628,33000,40452,13942
34576,32556,40868,14012
34440,32408,41036,14071
34260,32304,40888,14123
34328,32712,40760,14162
34392,33000,40732,14189
34412,32864,40672,14214
34372,32776,40772,14244
34388,32864,40716,14272
34328,32916,40724,14302
34484,33136,40760,14337
34484,33176,40808,14372
33880,32924,40716,14429
35568,32880,40348,14474
34492,32712,40788,14519
34492,32188,40552,14562
34512,32844,40216,14603
34236,33616,40180,14629
33944,33756,40632,14629
34252,33720,40896,14630
34516,34204,41056,14640
34472,33652,40876,14658
34316,33624,40892,14680
34168,33864,40480,14708
34336,34360,40588,14734
34028,34252,40576,14761
34044,34832,40568,14784
33952,34292,40968,14807
33984,35020,40536,14827
34132,34924,40740,14844
34008,34908,40636,14855
34004,35092,40416,14862
34104,34740,40532,14866
34128,34988,40416,14866
34072,35220,40444,14869
33992,35172,40448,14873
34048,35032,40492,14879
34000,34996,40656,14870
34008,34952,40600,14843
33984,34912,40516,14802
34084,34876,40496,14776
34036,34952,40564,14755
33940,34832,40552,14740
33992,34784,40664,14727
33880,34920,40692,14716
34040,34932,40536,14705
34100,34744,40496,14690
34044,34696,40504,14682
33996,34640,40680,14678
34004,34852,40632,14672
34004,34836,40544,14670
34028,34716,40544,14669
34016,34784,40568,14667
34028,34824,40608,14669
33956,34836,40584,14668
33956,34840,40584,14668
33956,34888,40512,14645
34028,34848,40532,14595
34024,34816,40588,14535
33992,34848,40536,14489
34032,34788,40564,14449
34012,34704,40624,14417
34040,34816,40596,14394
33952,34780,40608,14367
34020,34776,40520,14341
33972,34792,40604,14314
33976,34812,40648,14294
33988,34796,40580,14278
33960,34836,40564,14265
33996,34864,40552,14258
34000,34828,40580,14248
34012,34784,40564,14245
33980,34836,40576,14239
34016,34852,40596,14238
34016,34792,40604,14236
33972,34860,40552,14199
34000,34844,40560,14122
34008,34888,40516,14045
34008,34800,40568,13983
33964,34800,40608,13935
33956,34780,40576,13890
33992,34856,40536,13857
33984,34868,40524,13831
33968,34796,40560,13802
33996,34720,40588,13779
34100,34644,40636,13763
33964,34680,40684,13752
33916,34768,40504,13749
33984,34828,40524,13748
33896,34808,40560,13750
33888,34744,40612,13755
33972,34728,40616,13764
33932,34732,40596,13779
33928,34580,40616,13780
33900,34640,40656,13742
33956,34584,40636,13675
33956,34632,40588,13617
33916,34644,40628,13578
33940,34672,40592,13548
33996,34660,40612,13527
33972,34620,40652,13514
33988,34644,40572,13504
33932,34624,40656,13493
33936,34632,40644,13489
33952,34620,40636,13490
33892,34636,40644,13495
33944,34628,40644,13508
33936,34632,40584,13523
33936,34616,40640,13539
33948,34624,40680,13555
33988,34636,40632,13574
33960,34640,40608,13595
33912,34584,40616,13608
33948,34648,40608,13584
33936,34612,40700,13539
33928,34548,40620,13501
33904,34564,40600,13479
33916,34560,40672,13467
33956,34572,40652,13465
33912,34536,40616,13465
33860,34588,40628,13468
33936,34600,40632,13467
33948,34628,40584,13469
33928,34524,40680,13479
33920,34608,40652,13494
33944,34556,40672,13512
33920,34572,40596,13534
33980,34488,40656,13551
33892,34536,40644,13572
33940,34524,40668,13593
33908,34532,40628,13617
33924,34520,40660,13634
33920,34552,40716,13621
33888,34464,40608,13591
33920,34520,40584,13568
33916,34516,40660,13558
33940,34480,40600,13556
33808,34364,40524,13561
33900,34508,40536,13570
33980,34564,40644,13578
33912,34524,40648,13582
33900,34468,40624,13591
33952,34572,40648,13606
33944,34560,40680,13622
33932,34548,40636,13644
33884,34456,40648,13667
33908,34500,40612,13688
33920,34512,40640,13711
33956,34596,40660,13737
33912,34484,40708,13752
33820,34272,40492,13740
33968,34668,40532,13718
33968,34580,40540,13702
33868,34460,40624,13693
33900,34492,40668,13692
33920,34556,40652,13695
33960,34532,40648,13705
33904,34556,40688,13716
33932,34568,40640,13721
33932,34580,40616,13733
33884,34564,40684,13748
33908,34604,40668,13766
33940,34540,40676,13791
33876,34596,40672,13816
34040,34460,40796,13843
34168,34372,40804,13875
34060,34560,40776,13902
34264,34836,40792,13930
34700,35404,40872,13941
34436,33284,41300,13931
33564,33132,40948,13914
34296,34240,40496,13901
34308,33776,40456,13895
34272,33520,40408,13895
34988,35848,40212,13899
34640,32748,40328,13905
33412,32052,40732,13912
33876,34176,40408,13921
33996,34012,40280,13931
33988,34280,40124,13948
33504,33804,40292,13963
32920,34108,40496,13978
33300,34208,40156,13995
33640,34376,40276,14010
33480,34284,40836,14026
33200,34580,41200,14044
32692,34072,41456,14062
32376,34232,41248,14078
32280,33976,41300,14076
32204,33660,40960,14053
32076,34120,40688,14036
32200,33732,40152,14024
32352,33468,39696,14017
31840,33588,40116,14016
30768,32328,40988,14023
30228,32836,41448,14026
30008,33128,41136,14036
30356,33304,40308,14047
30544,32868,39868,14063
31608,35116,38028,14100
29784,32548,38140,14122
29628,31632,40796,14141
30928,32100,40340,14168
29496,31388,40992,14189
29080,32712,39756,14205
29948,30012,39892,14226
30156,29696,39868,14229
30552,28976,39752,14217
30460,29448,40040,14193
29948,29564,39380,14172
29872,29120,40052,14168
29080,29496,39364,14171
28792,28924,39384,14185
29372,29436,39148,14201
28432,28860,38820,14214
28124,30024,39332,14216
27632,29796,38512,14219
26556,30144,37188,14224
24976,31368,37152,14224
23660,30716,36184,14225
25772,33236,34680,14221
23980,31096,35280,14214
23564,32588,35140,14209
23916,32096,35488,14194
24536,33540,35700,14150
25540,33204,33340,14075
24912,32312,33776,13979
25940,31576,33400,13923
26032,32260,34404,13877
25148,32792,35040,13845
24164,31692,34976,13815
24444,31704,34224,13782
24212,31008,34412,13746
24572,31096,34320,13713
25092,31252,34172,13686
25852,31360,33732,13669
25892,30884,33848,13656
25476,31176,33740,13644
25524,31332,34012,13631
25356,30900,34628,13623
25120,30612,35216,13610
25920,31180,35224,13585
26492,31328,35288,13529
26332,31560,35784,13466
26200,31664,35460,13415
23644,30632,36020,13373
23388,30572,35920,13339
24168,30432,35380,13305
24900,29988,34824,13276
25060,29380,34788,13243
24740,29312,34256,13209
24728,29392,34172,13184
24880,30124,33764,13170
24804,30476,33560,13164
24652,30428,33780,13162
24456,30044,33588,13164
24764,29224,33288,13158
24916,29688,33092,13145
24808,29840,33172,13136
24496,30256,33296,13122
24236,30392,33372,13081
24320,30280,33580,13025
23612,31044,33796,12980
23836,32124,34240,12957
23564,31600,34944,12945
22944,32284,34508,12938
25008,32860,34448,12934
27700,31700,34896,12936
27068,31680,34552,12943
25340,32128,34072,12963
24032,31720,34192,12987
24492,30792,34600,13009
25080,30628,34584,13026
25384,30504,34736,13042
25148,30912,35148,13061
25488,31016,35148,13083
25624,30748,35456,13110
25232,30608,35308,13118
24448,30260,35484,13104
23736,30032,35584,13077
22272,29852,35540,13062
21460,30076,35460,13055
23484,30688,34568,13055
24240,30612,34348,13056
23904,30580,34180,13064
23176,30336,34080,13070
23368,30468,33816,13083
24624,30664,33596,13093
25500,30888,33428,13110
25848,31108,33336,13129
26096,31184,33280,13154
26064,31052,33456,13182
25700,30908,33696,13207
24780,30904,34052,13231
24768,30952,34080,13229
23460,30696,34580,13208
24100,30592,34876,13183
25816,30616,35752,13172
25220,30564,36284,13177
24140,31072,34860,13207
23852,30964,34940,13231
24516,30444,35580,13251
24864,30292,35652,13261
25156,29952,35708,13271
25224,29796,35628,13285
25372,29788,35596,13296
25828,29880,35656,13315
25136,29724,35868,13337
24076,29804,35868,13360
23300,30056,35684,13385
21924,29548,35940,13392
21820,30196,35504,13384
22980,30300,34888,13363
22636,30548,34608,13347
22544,31004,34260,13346
22232,30912,34692,13355
23240,31504,34176,13374
24396,31208,33792,13390
25520,31112,33372,13405
26224,31076,33200,13416
26548,31096,33232,13430
26456,31024,33396,13447
26032,30908,33504,13462
25652,30792,33700,13483
25156,30336,34020,13498
23920,30204,34348,13514
23988,30464,35532,13517
25000,30932,37716,13514
24708,31176,36772,13534
23096,31092,35648,13554
22804,30000,36208,13555
23772,29484,36896,13558
24700,29772,36664,13556
25088,29872,36320,13562
25284,29616,35684,13571
25788,29652,35488,13575
26132,29920,35268,13581
25200,29884,34984,13592
23760,29732,34888,13603
22396,29996,34732,13613
20364,29464,34964,13625
20388,30096,34664,13638
22140,29936,34100,13635
22236,30276,33812,13611
22172,30336,33580,13590
22880,30544,33436,13577
23892,30756,33292,13578
24776,30812,32972,13583
25532,31088,32696,13589
26412,31244,32692,13595
26572,31176,32848,13602
26328,31088,32880,13605
25028,30904,33588,13611
24548,31276,34012,13616
23204,31128,34420,13625
23764,30800,35204,13630
24908,31448,35944,13639
23980,31200,36216,13648
22592,31076,35408,13643
21544,32088,36328,13623
23008,30584,36932,13608
24408,29888,36812,13601
25116,29748,36592,13606
25176,29776,36228,13621
25548,30196,35856,13633
25816,30252,35736,13639
24860,29780,35664,13648
23236,29624,35364,13657
22608,30052,35328,13668
21276,29828,35528,13680
20492,29956,35116,13694
20252,30572,34524,13698
20780,30600,34272,13690
21332,30980,34172,13668
22412,30880,33960,13650
23064,30808,33804,13646
24048,31132,33332,13647
25992,31744,32772,13647
27804,32108,32676,13646
28276,31512,33212,13654
28336,31352,33120,13662
27376,30868,33308,13675
26828,30928,33604,13682
24960,30600,34100,13686
22552,30676,34708,13691
19648,29904,36120,13690
20236,30804,36292,13690
22256,30960,35424,13674
22296,30144,35484,13651
22080,28952,35636,13637
23188,29164,35224,13624
24548,29740,35360,13623
25532,29872,35412,13633
25664,30292,35368,13644
25948,29860,35116,13653
25944,29544,35196,13661
25272,29000,35212,13669
24108,29828,35560,13682
22904,30200,35440,13692
20844,30160,35816,13702
20464,30340,35472,13713
21312,30192,34700,13707
20568,30912,34732,13688
21492,30608,34452,13676
21860,30788,34428,13666
23320,30832,33776,13673
25032,30948,33308,13679
26672,31268,33120,13685
28040,31620,32936,13691
28368,31576,33104,13697
28020,31084,33464,13706
27216,31124,33316,13717
26256,30652,33788,13726
24928,30220,34292,13732
21892,30160,34956,13736
19484,30220,35016,13728
19636,30340,36292,13713
22084,30684,35920,13703
22692,30320,34532,13699
21532,29388,35340,13696
22912,29028,34904,13691
24704,29432,35124,13693
25860,29580,35084,13702
26144,29640,34912,13713
26444,29644,34740,13724
26420,29472,34936,13735
25560,29276,35096,13747
23400,29132,35424,13758
22296,29708,35572,13769
20868,30068,35896,13781
20676,30540,35544,13786
21080,30576,35116,13779
20168,30244,34756,13763
19644,30364,34588,13751
21308,30600,34396,13745
23048,30804,34020,13749
24296,31156,33460,13753
25524,31580,33176,13756
26996,32128,32936,13756
28560,32468,32672,13757
28608,31924,33220,13768
28428,31144,33336,13780
27156,30812,33564,13790
25580,30444,34152,13799
22864,30088,34776,13796
20552,29748,35220,13778
19684,29332,37280,13758
20668,30560,36776,13745
23008,31952,34996,13751
22220,31076,35608,13758
22252,29312,34872,13762
23620,29268,34344,13762
24896,28908,34460,13763
25980,29564,34300,13764
26388,29888,34324,13764
26600,29808,34408,13769
26220,29340,34724,13776
24836,29020,35324,13781
23928,29616,35840,13790
23236,30044,36044,13781
21956,29764,36244,13763
21396,30076,36004,13738
21248,30412,35352,13716
20920,30664,35284,13700
20932,30604,35224,13696
21948,30948,34520,13688
23244,31212,33948,13680
24520,31120,33704,13667
25932,31252,33364,13656
27208,31552,33064,13648
28400,31868,32956,13644
28588,31376,33460,13647
27212,30816,33904,13646
26044,31152,33916,13620
24720,30968,34188,13580
22708,30752,34832,13541
21588,30644,34680,13503
20336,30204,35684,13480
21136,30420,35488,13462
22348,30568,34868,13451
23012,29768,35080,13440
22784,29596,35112,13429
23428,29036,34956,13415
24756,29240,34960,13408
25488,29380,34984,13406
25760,29536,34840,13407
26212,29460,34860,13398
25956,29116,35224,13364
24224,29064,35632,13314
23372,30044,35540,13270
23408,30412,35620,13238
21464,29892,36244,13214
21520,29872,35744,13193
21148,30588,35284,13170
20644,31132,34900,13147
21024,30964,34504,13123
21564,30804,34344,13103
23412,31052,33616,13084
25624,31696,33032,13071
27464,32440,32652,13069
28448,32316,32908,13059
28320,31668,33296,13026
27968,31472,33132,12981
25956,30864,33812,12944
24356,30796,34276,12916
22304,30652,34468,12890
20700,30164,35056,12863
20864,30292,35856,12842
21740,30680,36352,12833
23436,31292,35000,12838
23256,29260,35572,12840
23152,29392,35200,12842
24876,29220,34932,12841
25936,29940,34980,12846
26220,30180,34860,12852
25744,30004,34960,12839
25788,29852,34716,12807
25732,30180,35004,12777
24940,29460,35440,12757
22500,29828,35816,12745
20068,29704,36136,12732
20812,30828,35784,12721
23352,30560,35400,12716
23732,30652,35036,12712
22584,31200,34704,12710
22852,31620,34020,12706
24452,31656,33516,12703
24884,31160,33632,12704
26060,30732,33524,12705
26904,31232,33232,12707
27460,31460,33180,12700
27080,31388,33480,12686
24832,31100,33960,12668
23780,30848,34172,12649
23048,30496,34396,12634
22840,30212,34712,12622
22920,30512,35136,12617
23164,30684,35996,12628
24000,31304,35088,12643
24432,31020,34460,12656
24380,30172,35172,12666
24640,29700,35140,12675
25340,29808,35148,12686
25508,29680,35396,12703
25532,30136,35312,12723
26000,30264,34928,12738
26192,29960,35108,12746
25016,29520,35120,12742
23972,29792,34836,12738
22136,30224,34988,12734
20876,30260,35116,12731
21500,30312,34864,12732
22636,30180,34864,12737
23060,30784,34596,12744
23500,31360,33948,12768
23408,33488,34768,12780
24524,32872,33760,12788
25956,31612,33516,12791
26768,30988,33340,12800
27068,30840,33212,12813
26636,31448,33600,12826
25084,31008,33828,12838
23872,30708,33968,12834
21188,30292,34408,12822
20984,29764,34916,12808
25244,30352,35952,12796
24232,31500,35956,12805
23776,32160,33620,12839
23636,30532,35256,12857
25164,29828,35284,12867
26088,29528,35004,12880
26312,29652,35116,12892
25976,30152,35032,12904
25612,30296,35216,12918
25744,30164,35116,12934
25620,29720,35068,12945
24416,29536,35368,12963
23488,30008,35432,12974
21508,30048,35748,12984
21048,30396,35624,12977
23780,30352,34908,12971
24664,30320,34844,12971
23284,29992,34820,12977
22168,30208,34744,12982
23380,31156,34236,12987
24408,31252,34140,12994
25592,31224,33804,12998
26376,31152,33620,13006
27164,31156,33580,13015
27792,31220,33676,13028
27608,31092,33904,13042
26368,30932,34120,13062
25052,30716,34376,13079
24328,30616,34476,13089
22956,30520,34848,13091
21628,30200,34928,13089
22196,30152,35344,13078
23096,30016,36248,13068
23792,30532,35112,13070
23356,30184,34904,13083
24040,30380,35040,13083
25816,29832,34544,13085
25852,29692,34772,13088
25836,29640,34588,13090
25924,29664,34652,13102
26092,29836,35056,13117
25928,30104,34968,13132
25484,29720,35212,13148
24144,29740,35688,13158
23584,30156,35392,13167
23600,30568,35392,13172
21260,29800,35988,13173
22020,30632,35552,13176
22960,30748,34864,13167
21704,30748,34720,13154
22168,30632,34372,13138
23528,30756,34412,13124
24608,31108,34032,13118
25604,31448,33688,13115
26744,31848,33456,13113
27568,31912,33472,13116
27788,31748,33556,13121
27480,31412,33756,13126
26256,31264,34028,13133
24796,30868,34416,13132
23428,30596,34516,13131
21996,30544,34736,13129
19912,29856,35212,13122
22256,30580,35384,13112
23480,30324,35828,13114
23364,30228,34820,13122
23084,30020,34600,13120
24124,29668,34452,13108
25680,29620,34360,13106
26252,29568,34340,13108
26104,29724,34372,13111
26012,29944,34536,13118
26180,29992,34644,13123
26220,29984,34848,13127
25116,29796,35192,13125
23684,30188,35992,13127
22876,30668,35848,13118
21980,30300,36096,13112
21556,30308,36412,13106
23672,31156,35524,13100
23644,31144,35304,13100
22644,30800,35204,13099
22364,30700,34668,13100
23976,30956,34212,13094
25592,31328,33884,13083
26404,31412,33708,13060
26772,31436,33556,13041
26856,31588,33484,13026
27164,31480,33436,13016
26824,31244,33700,13007
25296,30984,34016,13003
24004,30748,34168,12996
22496,30556,34488,12983
21540,30484,34576,12969
21244,30180,34756,12954
24012,30224,35108,12939
23876,30220,35708,12937
23752,30556,34640,12946
23876,30312,34852,12948
24928,29856,34716,12957
25908,29724,34460,12969
26308,29840,34728,12980
26136,30028,34680,12985
25848,30116,34960,12984
26140,30172,34980,12969
25888,30088,35268,12950
24724,29972,35656,12933
23480,30324,35784,12919
21820,30364,36152,12905
21116,30532,36140,12890
23164,31104,35612,12879
23324,30576,35328,12869
21932,31000,35220,12862
22584,31012,34604,12851
24244,31164,34252,12842
24836,31080,34168,12834
24988,31164,33884,12831
25788,31260,33812,12825
27020,31516,33580,12826
27836,31528,33640,12828
28016,31436,33780,12833
27044,31164,33964,12839
25512,30800,34248,12832
24016,30608,34592,12811
21788,30356,34752,12782
19672,30232,34792,12756
22100,30264,34836,12727
23856,29988,35208,12717
22476,29652,34976,12719
22752,29904,34332,12721
23952,29608,34744,12726
25676,29448,34536,12736
26712,29492,34508,12743
26684,29832,34528,12753
26104,30116,34796,12762
25936,30128,34944,12767
25892,30032,35084,12772
24912,29868,35604,12772
23492,30052,36012,12770
22276,30368,36328,12765
21868,30688,36324,12752
22220,30356,36132,12725
24092,31016,35544,12689
24020,30960,35044,12664
25428,27580,30624,12657
22072,28088,35868,12633
23844,31064,34124,12616
25644,31116,33648,12599
26508,31256,33568,12593
26884,31488,33428,12591
27204,31652,33424,12591
27736,31724,33516,12595
27364,31468,33928,12598
25608,30860,34380,12604
23464,30728,34484,12607
21260,30376,34784,12602
20028,30124,35276,12592
23472,30572,35384,12581
25376,30512,35628,12582
24476,30364,34920,12589
23296,30116,34712,12573
23492,29684,34764,12556
25468,29824,34512,12547
26656,29924,34596,12539
26612,30048,34468,12534
26024,30272,34776,12539
25712,30184,34920,12540
25896,29980,35124,12540
24488,29704,35568,12536
23092,30136,35832,12529
21668,30324,36124,12520
21488,30568,36292,12514
23516,30788,35532,12509
23780,30476,35204,12507
23220,30360,34808,12508
23040,30668,34656,12504
23828,31124,34332,12501
24916,31172,33924,12486
25444,31252,33748,12458
26008,31476,33432,12430
26660,31584,33344,12409
27076,31460,33448,12400
27032,31324,33488,12396
25664,31104,33868,12398
25104,30852,34084,12398
23400,30616,34388,12392
21920,30304,35280,12380
23196,30856,35524,12366
23876,30680,35840,12366
23300,30420,35840,12376
23136,30976,35288,12386
23808,30304,35384,12394
25016,29800,34860,12404
25800,29404,34624,12423
25780,29496,34616,12436
25664,29992,34764,12435
25824,30244,34736,12419
25828,29944,34728,12400
25332,29508,34984,12391
23780,29728,35232,12382
23032,30184,35252,12374
23128,30568,35260,12367
22556,30096,35604,12364
23344,30160,35340,12354
23076,30104,35100,12344
22548,30252,34712,12337
22896,30868,34364,12331
23984,31212,34004,12323
24704,31088,33880,12318
24824,31456,33464,12316
25812,31728,33212,12319
27020,31824,33168,12324
27388,31692,33324,12329
26908,31348,33552,12324
24648,31364,34008,12307
24680,31284,34120,12291
24052,30868,34444,12267
22648,30352,34732,11973
22836,30512,35092,11959
22660,29984,35880,11951
23088,30668,35204,11962
24108,30824,34888,11978
24192,30040,35100,11996
24656,29380,34780,12015
25572,29516,34632,12029
26084,30136,35092,12038
25828,30216,35276,12051
25768,30172,35416,12061
25772,29732,35624,12072
24628,29304,35856,12083
23220,29908,35880,12083
22732,30544,35708,12065
21964,30124,35832,12037
22632,29972,35036,12009
22372,29948,34560,11992
22376,30424,34212,11987
23028,30924,34144,11983
23936,30940,33992,11972
24404,30876,33932,11962
25036,31148,33604,11955
26052,31784,33384,11959
27052,31908,33484,11962
27848,31628,33372,11973
27880,31212,33476,11997
26424,30784,33880,12024
25180,30772,34224,12047
23328,30608,34428,12059
21320,30412,34556,12059
22732,30592,34892,12042
22816,30020,35344,12021
23032,29940,35536,12016
24188,30764,34648,12022
24312,30332,35352,12034
24396,29624,35268,12051
24872,29412,35220,12061
25344,29464,35264,12074
25532,29728,35312,12086
25872,29732,35120,12094
25920,29520,35116,12110
25288,29124,35352,12122
23876,29596,35488,12129
22372,29872,35468,12133
21256,29872,35816,12138
23092,30588,35216,12135
23228,30196,35208,12133
22636,30152,34856,12115
21888,30600,34572,12089
22536,31272,34080,12060
24044,31380,33644,12043
25144,31208,33596,12037
25956,31192,33488,12035
26788,31652,33216,12041
27596,31808,33316,12055
27980,31592,33624,12074
27120,31276,33716,12098
25604,30912,34264,12117
24472,30812,34284,12136
21976,30448,34856,12138
20520,29792,35416,12132
23000,30296,35524,12131
22736,29892,36144,12154
23504,30952,34392,12169
23428,30660,35192,12170
24180,29884,34748,12162
25228,29508,34456,12164
25844,29500,34384,12166
25984,29824,34500,12177
26020,29904,34756,12184
26104,29924,34804,12189
25980,29700,35112,12193
25200,29444,35400,12198
24180,29568,35864,12197
22840,29784,36156,12193
20780,29732,36356,12189
22552,30688,35796,12187
24312,30636,35444,12192
23992,30444,35096,12193
22516,30208,34824,12195
21720,30784,34720,12173
23144,31564,34304,12143
24812,31496,34012,12117
26084,31492,33652,12105
26704,31428,33552,12108
26996,31420,33692,12108
27632,31508,33696,12121
27916,31528,33840,12142
27124,31116,34220,12162
26036,30836,34312,12181
24336,29836,33784,12187
21424,29124,34976,12186
20684,30332,35560,12180
23116,31304,34052,12202
21828,30452,35484,12238
22424,30872,34492,12262
23068,30416,34480,12279
24156,30144,34648,12287
25676,29064,34192,12278
26440,28776,34080,12265
26496,29376,34652,12264
26188,30148,34932,12261
25980,30244,35096,12259
25560,29808,35128,12260
24416,29628,35672,12262
23668,29996,35940,12257
23228,30452,36172,12250
22332,30540,36300,12252
22868,31160,36216,12261
23636,31192,35260,12268
22456,30480,35220,12270
22168,30300,35172,12262
23256,30504,34660,12259
24676,30908,34340,12255
25924,31204,34016,12247
26704,31340,33684,12230
27160,31440,33516,12222
27560,31388,33476,12229
26120,30876,33852,12246
24372,30708,34180,12266
22824,30396,34192,12276
20904,30028,34568,12274
23340,30212,35032,12264
24936,30320,36012,12263
23748,30780,35480,12277
23376,31216,34552,12308
23600,30292,35196,12319
24928,29472,35128,12337
26040,29564,34936,12349
26376,30148,34948,12361
25888,30492,35012,12375
25596,30572,35372,12383
25936,30240,35420,12387
25128,29540,35904,12379
23876,29856,36032,12371
22744,30244,36036,12355
21220,30152,36248,12348
22004,30672,35980,12338
23640,30832,35468,12331
23352,30604,35016,12323
22592,30772,34872,12320
23072,30860,34472,12314
24136,30872,34120,12307
25252,30972,33740,12305
26176,31204,33576,12303
26940,31524,33544,12309
27736,31732,33588,12316
28180,31548,33712,12331
27388,31136,34080,12357
25848,30724,34560,12386
23980,30620,34688,12396
21828,30384,35092,12391
21172,30336,35632,12374
22836,30652,36032,12365
23064,29680,36300,12380
24044,31060,34580,12407
24192,30360,35128,12424
24428,29928,34924,12438
25360,29624,34920,12457
26380,29760,34912,12464
26720,29992,34960,12475
26512,30252,35092,12480
26212,30056,34988,12495
24972,29804,35456,12503
23324,29880,35544,12510
22268,30284,35772,12511
21896,30184,35880,12511
22712,30436,35640,12506
23868,31004,35408,12493
23092,30708,35124,12471
22412,30748,34688,12451
23304,31036,34620,12430
24640,31392,34456,12413
25360,31456,34436,12403
25892,31428,34120,12397
26404,31616,33800,12392
27268,31968,33524,12392
27640,31664,33688,12400
26844,31032,34004,12407
25060,30788,34196,12415
23784,30396,34064,12423
22960,30052,34384,12427
22568,30164,34524,12422
22872,30724,34820,12416
22348,30444,35456,12417
23488,31064,34652,12423
24052,30312,35344,12417
24624,29800,35156,12409
25084,29708,35180,12394
25908,29724,35216,12387
26076,29996,35016,12379
25880,29960,35012,12382
26068,30020,34732,12387
25680,29668,34944,12390
23700,29548,35208,12393
22752,30224,35176,12386
23124,30328,35280,12373
21708,29600,35660,12363
22572,30016,35100,12353
22916,30624,35016,12342
22816,31092,34540,12337
23308,31184,34344,12331
24364,31068,34192,12324
24896,31132,33676,12317
25072,31240,33432,12304
25548,31576,33208,12283
26364,31644,33356,12250
27168,31592,33420,12225
26568,31320,33664,12216
24884,31256,33996,12218
24400,31244,34224,12215
23428,30912,34524,12209
22392,30332,35204,12197
24680,30616,35768,12176
25292,31032,35948,12179
24084,31372,35456,12225
22944,31396,35212,12268
23320,30828,35652,12284
24976,30180,35444,12293
25768,29760,35280,12295
26020,29876,35124,12299
25716,30260,35156,12307
25640,30432,35296,12316
25772,30072,35240,12311
24984,29612,35264,12286
23584,29500,35456,12254
23336,30136,35404,12229
24652,30164,35436,12208
22308,29548,35724,12190
22412,29956,35128,12177
22420,30528,35236,12160
22468,30672,34916,12143
22556,30784,34760,12125
23568,30936,34656,12110
24516,31452,34376,12091
25488,31964,33732,12084
26484,31884,33548,12084
27524,31876,33544,12093
28076,31440,33784,12108
27504,31480,33732,12131
25820,30932,34212,12152
24760,31100,34432,12152
22880,30820,34948,12130
21652,30432,35336,12087
23268,30568,35784,12047
22892,30292,36140,12045
23172,30836,34948,12059
23780,30904,34888,12073
23728,30376,35452,12077
24496,29556,35140,12075
25668,29516,35156,12072
26352,29612,35108,12067
25956,30160,35228,12068
25960,30392,35044,12070
25752,30152,35380,12079
24408,29496,35560,12086
23104,29940,35588,12086
23340,30156,35596,12086
21800,29720,35656,12083
22580,30036,35252,12071
22956,30480,34976,12043
22016,30880,34964,11991
22284,31264,34484,11940
23004,31236,34200,11896
24404,30692,34004,11866
25468,30824,33724,11851
26360,31276,33556,11844
26976,31432,33552,11840
27824,31340,33520,11847
28340,31124,33596,11862
27580,30804,33820,11892
26252,30588,34116,11917
24752,30244,34624,11943
22640,29808,34556,11962
19604,29260,36296,11960
22168,31432,35824,11960
23660,31476,36200,12002
24148,32220,35708,12070
23928,30864,35688,12100
24188,29748,35360,12081
25604,29132,35052,12047
26644,29424,34992,12020
26700,30028,35024,12005
25824,30316,35004,11998
25124,30392,35044,11997
25608,30348,35004,11993
24936,29804,35080,11991
23680,30156,35264,11984
22640,30316,35380,11973
19704,29852,36280,11962
21868,30860,35340,11950
23940,30652,35072,11946
23764,30292,34592,11946
23364,30244,34200,11947
23784,30860,34052,11942
24936,31360,33848,11925
25652,31868,33636,11885
26784,31368,33380,11842
27476,31052,33488,11815
27692,31116,33664,11803
27608,31044,33776,11810
26572,30844,34236,11827
25444,30556,34624,11838
24284,30328,34720,11852
22692,30648,35788,11853
21308,31272,34620,11858
22288,29584,35860,11864
23784,29156,36424,11873
24508,29856,34552,11890
24048,30024,34372,11906
24120,29652,34188,11925
25048,29664,34424,11950
26164,29552,34480,11962
26312,29712,34336,11948
25764,29888,34396,11917
25976,30304,34580,11883
26064,29972,34888,11857
24540,29836,35124,11842
23700,30104,35040,11827
23884,30304,35264,11813
21936,29624,35508,11798
21460,30024,35364,11781
22964,30616,34924,11760
22804,30888,34972,11749
22712,30604,34612,11742
23880,30640,34092,11726
25140,31124,33832,11720
26300,31596,33436,11724
27364,31844,33200,11737
27880,31664,33284,11758
27792,31240,33568,11775
27212,31176,33692,11776
26028,31172,34012,11759
24244,30960,34760,11746
23400,31032,34432,11740
20908,30556,34824,11729
19928,29844,35100,11706
24004,30256,35604,11691
25464,29908,36100,11705
24924,31144,34728,11744
24432,31064,34796,11766
24604,30120,35004,11775
25356,29700,34876,11786
26176,29876,34828,11796
26148,30192,34740,11801
25716,30236,34896,11806
25752,30332,35040,11817
25444,30236,35308,11823
24388,30076,35484,11813
23396,30040,35740,11780
22704,30272,35660,11735
21892,30072,35540,11702
21872,30264,35340,11677
23388,30580,34760,11662
23812,30568,34324,11652
23728,30636,34192,11647
24064,30712,34176,11637
24524,31000,33960,11622
25580,31284,33788,11615
26568,31608,33724,11620
27284,31660,33776,11633
27916,31620,33860,11659
27760,31580,34032,11694
27200,31204,34372,11729
25416,30944,34568,11764
23848,30892,34680,11775
21592,30520,34956,11747
19952,30116,35148,11707
22240,30364,35200,11677
24096,30176,35196,11674
23592,29900,35064,11687
23564,30492,34284,11703
23916,30136,34440,11717
24872,29740,34276,11741
26156,29476,34288,11755
26776,29416,34172,11778
26632,29676,34360,11790
26308,29980,34496,11806
26364,29988,34696,11818
25196,29484,35052,11830
23472,29708,35516,11838
22720,30232,35572,11835
21368,29792,36036,11833
21452,30212,36000,11813
21976,30668,35888,11788
21796,31080,35428,11771
21808,31412,35032,11757
22524,31456,35092,11744
24272,31336,34436,11737
25388,31568,33992,11739
26452,31888,33588,11748
27180,31876,33500,11763
27896,31852,33392,11782
27884,31384,33432,11808
26956,31000,33376,11839
25468,30592,33688,11862
23060,30128,34000,11875
20984,29800,34220,11875
22420,29944,35564,11879
23744,30484,36128,11896
22884,31100,34964,11938
22452,31504,34792,11958
22660,30188,35612,11956
24920,29520,35196,11965
26544,29672,34952,11978
26664,29916,34932,11997
25996,30496,34760,12008
25488,30496,34896,12025
24884,30200,35132,12036
24272,29664,35332,12037
23464,29500,35664,12045
23436,30076,35612,12046
23476,30236,35532,12052
22960,30260,35696,12057
24260,30616,35092,12069
23696,30696,35044,12077
22988,30824,34792,12080
23096,30948,34600,12066
23904,31032,34436,12047
24768,31100,34124,12030
25292,31288,33768,12024
26036,31692,33496,12026
26972,31756,33484,12035
27776,31632,33400,12045
27620,31312,33600,12059
25944,30756,34168,12071
24332,30648,34524,12080
22072,30584,34812,12088
20752,30456,35280,12092
24260,31008,35528,12114
25292,30904,35948,12162
24248,30212,35032,12206
22840,30780,35012,12221
23844,30256,34844,12231
25212,29928,34772,12232
26132,29684,34640,12223
26136,30040,34612,12216
25644,30492,34804,12208
25604,30504,34796,12210
25940,30004,34884,12212
26072,29800,35004,12215
24932,30016,35336,12215
23436,30364,35544,12213
22672,30508,35356,12213
21732,30228,35832,12209
23120,30300,35712,12209
22864,30504,35428,12215
22320,30904,35264,12215
22660,31148,34952,12220
23360,31036,34828,12221
24328,30968,34360,12221
25560,31072,33856,12213
26692,31248,33684,12196
27632,31424,33576,12187
28052,31408,33564,12189
27824,31128,33672,12206
26712,30924,33956,12229
25304,30724,34364,12249
23624,30512,34684,12265
22056,30476,34780,12257
21060,30272,35312,12253
22556,30584,35668,12257
21764,30756,36040,12280
23244,30988,34608,12307
24092,30356,34520,12319
24968,29344,34284,12336
26124,29764,34492,12361
26536,29868,34320,12374
26408,30004,34336,12387
26472,29936,34448,12389
25920,29620,34740,12380
24028,29452,35528,12363
22792,29836,35856,12353
21080,29772,36932,12333
21876,30368,36984,12321
23520,30960,36524,12326
22368,31052,36520,12337
20992,31208,36080,12345
21220,31200,35448,12343
22680,30972,35164,12333
24316,31240,34340,12323
25896,31596,33696,12312
27120,31596,33676,12305
28160,31544,33512,12315
28636,31488,33288,12323
28288,31332,33536,12337
26508,31052,33668,12348
25184,30612,33860,12354
22672,30008,34148,12340
20068,29392,34728,12309
21212,29964,36092,12274
20420,30668,36520,12257
22336,30952,34040,12261
22648,30308,35088,12272
23368,29060,35024,12277
24636,28664,34504,12288
25864,29164,34316,12300
26532,29984,34400,12309
26240,30044,34704,12319
25844,29724,34880,12323
25980,29208,35268,12332
25356,29080,35856,12334
23720,29584,36072,12338
21904,29980,36696,12337
20336,30120,37448,12328
21484,30964,36740,12307
21656,30508,36100,12276
20888,30340,35428,12247
20472,31032,35032,12219
21980,31440,34268,12192
24036,31464,33828,12182
25300,31248,33620,12168
26884,31640,33164,12153
28192,31704,32972,12145
29000,31572,33040,12144
28636,31160,33340,12153
27216,31652,32968,12159
25440,29992,34280,12171
22956,30060,34456,12184
19608,29748,34692,12186
20368,29748,36428,12178
22036,29992,37456,12184
21644,31572,34336,12216
21208,31080,35320,12243
22564,29904,35920,12222
24824,29260,35520,12212
26216,29244,35056,12212
26688,29872,34708,12213
26700,30172,34960,12223
26608,29968,34972,12231
26284,29848,35756,12237
24824,29188,35868,12238
22836,29384,36236,12236
21112,29712,36520,12232
19828,30088,36572,12222
22644,31188,35736,12225
23368,31104,35524,12236
22528,30200,35520,12253
21596,31000,35776,12261
22984,31388,34576,12247
24812,31408,34512,12211
26104,31300,34236,12172
26756,31556,33792,12143
27376,31860,33452,12134
27720,31652,33600,12128
27704,31512,33604,12129
26112,31272,33764,12139
24708,30768,34292,12152
22768,30448,34424,12154
21172,30264,34792,12144
22148,30424,35144,12134
22208,30412,35820,12129
22368,30664,35624,12146
23540,30980,34468,12173
23796,30068,34824,12195
23880,29472,35232,12213
25144,29524,35124,12217
25844,29824,35228,12202
26256,30232,35256,12181
26152,29944,35172,12169
26100,29900,35500,12167
25020,29516,35816,12171
23196,29720,35852,12172
22452,30048,36008,12170
21700,29636,36180,12167
22056,30300,35892,12167
22632,30616,35288,12169
21064,31176,35172,12173
21092,31232,34664,12176
22588,30832,34364,12172
23676,30492,34108,12169
24484,30852,33776,12162
25868,31620,33396,12163
27280,32352,33164,12154
27884,32216,33404,12141
27664,31888,33632,12134
27088,31564,33752,12138
25564,31348,34168,12148
23440,31060,34248,12161
21168,30428,34720,12162
21512,30084,34876,12152
21568,30080,35920,12145
21040,30564,35728,12151
22456,30892,34260,12168
23144,30196,34748,12188
23464,29328,34928,12207
24756,29272,34524,12230
25808,29416,34636,12247
26364,29684,34664,12265
26432,30000,34768,12271
26400,29844,34940,12267
25260,29296,35208,12252
23580,29432,35796,12245
21888,29820,35960,12233
21360,29652,35660,12223
21748,29812,35472,12217
22016,30344,35344,12214
21600,30896,34952,12211
21320,31008,34472,12218
21828,30980,34276,12212
23044,30896,33848,12208
24104,30988,33432,12200
24956,31248,33248,12200
26332,31896,32876,12204
27592,32196,32872,12211
27960,31612,33324,12215
26408,31272,33584,12211
25604,31416,33764,12202
24256,30824,34204,12198
22404,30460,34628,12200
23052,30556,35032,12192
23240,30260,35972,12192
22272,30684,35312,12221
21584,31024,34512,12248
21900,30160,35368,12263
23200,29696,35824,12274
24672,29304,35536,12288
25536,29492,35228,12301
25692,29852,35456,12318
26040,30052,35468,12335
26212,29536,35544,12347
24812,29020,35912,12353
23288,29468,35800,12342
21568,29476,36296,12322
21384,29928,35912,12313
21596,29848,35580,12303
21064,30244,35288,12303
21384,30472,34788,12300
22436,30312,34108,12293
21708,30508,33700,12288
22368,31224,33104,12279
24608,32356,32688,12274
26764,32516,32856,12278
28032,31876,32988,12284
28748,31688,32740,12290
27996,31064,33368,12310
26188,30840,33900,12330
24520,30984,34452,12339
22040,30764,34536,12347
21860,30520,35344,12325
23856,30316,36128,12318
22980,30276,35528,12355
21464,30348,35408,12414
21152,31496,35500,12453
22396,29996,35844,12479
24736,29880,35264,12490
26336,29712,34984,12497
26144,29764,35060,12519
25792,29984,34996,12537
25764,30040,34940,12554
25404,29576,35072,12567
24160,29340,34976,12578
23236,29780,35232,12581
23152,30232,35232,12564
21552,29780,35880,12541
21672,30744,35220,12508
21640,30808,34728,12482
21428,30508,34496,12466
22212,30368,34120,12452
22944,30756,34088,12441
23372,31744,34400,12427
24208,31744,34244,12418
25252,32248,33624,12412
26692,32316,33112,12408
27724,31708,33396,12411
28440,31284,33488,12416
28320,31052,33372,12422
26748,30572,33460,12428
25252,30312,34040,12438
22844,29752,34472,12449
20120,29612,34940,12432
18912,29900,35212,12395
22660,30148,36132,12363
24344,30284,36376,12363
23548,30764,34932,12398
23364,29836,34868,12408
24944,29612,34736,12414
26080,29420,34844,12429
26404,29580,34320,12437
25932,29728,34272,12444
25820,29860,34472,12448
25904,30128,34608,12452
25748,30264,34632,12450
25116,30180,35064,12453
24060,29996,35384,12453
22736,30368,35748,12453
21520,30668,35576,12441
20360,30968,36188,12422
21560,31352,35776,12398
21968,31328,35176,12384
22376,31652,34992,12363
23780,31696,34496,12343
25232,31372,34184,12331
25856,30652,34244,12320
26684,30964,33540,12309
27364,31120,33324,12299
27608,31152,33528,12295
27684,31180,33384,12295
26928,30804,33812,12308
25612,30488,34088,12321
24472,30284,34228,12333
22472,29844,34536,12341
20656,29560,35364,12331
22020,30464,36584,12318
23280,32020,36256,12322
22376,31480,35132,12352
23376,30508,34820,12363
24848,28868,34536,12357
25684,28772,34428,12364
26080,29332,34480,12377
26088,29880,34324,12379
25748,29716,34480,12381
26060,29696,34552,12386
26288,29844,34592,12390
25368,29424,34848,12394
24044,29524,35428,12399
23116,30044,35632,12395
21276,29572,36056,12386
21204,30616,36444,12379
22844,31152,35616,12374
22820,30988,35360,12363
23204,30288,34872,12334
23284,30464,34360,12293
23160,31044,34376,12258
24236,31500,34104,12227
25968,31900,33696,12206
27040,32044,33524,12201
27196,31932,33660,12202
27196,31864,33664,12205
26900,31728,33924,12217
25712,31232,34064,12229
24804,30868,34048,12233
22296,30388,34400,12234
20368,29868,35048,12228
22476,30108,35660,12219
23240,30340,35916,12232
22772,28172,35644,12253
23384,31740,34232,12272
24468,30272,34508,12268
24972,29712,34028,12248
25500,29400,33984,12237
26240,29672,34204,12231
26264,29856,34592,12228
26012,30344,34720,12223
25940,30504,34620,12224
25328,29760,34976,12227
23788,29292,35656,12231
23160,29904,35600,12229
23444,30240,35692,12221
22084,29852,36104,12220
22644,30500,35708,12222
22660,30568,35264,12227
22128,30596,34928,12226
22596,30708,34800,12219
23848,31196,34512,12202
24408,31164,34200,12176
25156,31116,33780,12153
26208,31124,33520,12138
27208,31532,33312,12133
27960,31484,33304,12140
28460,31936,33772,12156
26380,30788,34680,12176
25312,30332,34384,12196
23444,30044,35316,12207
21916,29888,35592,12210
21220,29748,35868,12215
23764,29912,36156,12224
23704,31004,35380,12260
22892,31292,34496,12288
23204,30268,35504,12313
24416,29704,35336,12338
25640,29564,34904,12338
26272,30012,34648,12321
26180,30388,34668,12309
26136,30372,34972,12304
26380,30200,34940,12302
26148,30008,35028,12303
24860,29896,35160,12303
23632,30184,35208,12306
22424,30048,35740,12304
21268,29848,35816,12300
21812,30444,35812,12294
22932,30708,35684,12287
22468,30368,35068,12286
21956,30264,34832,12284
22868,30828,34328,12279
23840,31148,34056,12276
24896,31320,33728,12271
26048,31812,33292,12262
27020,32012,33168,12249
27656,31796,33112,12242
28112,31044,33452,12243
27192,30660,33600,12257
25452,30456,34312,12274
23956,30792,34568,12290
22708,30960,34836,12302
21992,31032,35664,12308
22060,30804,36640,12324
21036,30548,36396,12344
22312,31220,34640,12359
23600,30108,34884,12382
24012,29616,34632,12406
24744,28920,34188,12432
25604,29168,34260,12450
26100,29680,34392,12468
26456,29992,34428,12466
26552,29836,34624,12462
26140,29240,34688,12451
24488,29256,35240,12447
22980,29708,35576,12438
20360,29744,35604,12422
21624,30800,35324,12415
21936,30540,35272,12405
21156,30380,34928,12401
21436,30252,34436,12402
22776,30808,33872,12394
24436,31256,33624,12385
25944,31692,33312,12378
27108,31916,33136,12374
27912,31908,33164,12379
28164,31820,33168,12382
27624,31364,33400,12391
26180,31136,33676,12400
24832,30868,34096,12406
23008,30460,34520,12406
21180,30672,34704,12404
19920,30096,35724,12391
19632,31092,35660,12377
22788,25392,36948,12372
24068,29544,35176,12379
23964,29152,34764,12421
24428,28828,34580,12441
25040,29332,34556,12458
25772,29860,34212,12462
25908,29712,34288,12466
26384,29604,34416,12476
26144,29264,34844,12494
24928,28836,35044,12509
23660,29436,35260,12507
22596,30224,35484,12486
20340,29680,36220,12454
20024,30296,36324,12435
21140,30400,35752,12409
20396,30300,35620,12391
20384,30576,34932,12376
22348,31412,34124,12353
24200,31852,33600,12338
25808,31964,33192,12324
27364,32024,32952,12319
28188,31948,33048,12316
27800,31684,33284,12324
26804,31596,33356,12345
25888,31336,33724,12377
25144,30992,34008,12409
23580,30432,34312,12431
21392,30096,34904,12430
21352,30100,35680,12401
20808,30536,35836,12375
21236,30828,34636,12370
21852,30492,34880,12372
22448,29132,35016,12377
23732,28736,34452,12388
24732,28980,34736,12398
25484,29848,35128,12409
25884,30024,35412,12418
26400,29828,35108,12426
26432,29408,35044,12440
25476,29492,35372,12454
23400,29420,35720,12460
21756,30036,35992,12464
21160,30072,35900,12468
20220,29924,36184,12456
22084,30316,35316,12439
22236,30768,34980,12408
21116,30852,34912,12391
21324,30856,34268,12376
22964,30912,33836,12358
24632,31060,33496,12343
26000,31524,33156,12334
26996,31960,32972,12328
28040,32092,32908,12327
28560,31956,32940,12334
28152,31260,33528,12355
26864,31108,33752,12381
24464,30840,34400,12414
22680,30836,34392,12441
19628,30300,35188,12453
18704,30020,35756,12445
20636,30412,35900,12432
21680,30296,35684,12421
22572,30160,34880,12424
23092,29460,34652,12427
24356,29172,34148,12438
25572,29356,34092,12453
26340,29512,34188,12469
26500,29700,34292,12473
26280,29664,34404,12480
25944,29748,34520,12483
25652,29668,34840,12487
24044,29576,35488,12490
22696,30204,35888,12489
22224,30664,36024,12491
20336,29976,36564,12504
20316,30140,36060,12512
21640,30888,35004,12505
21816,31044,34712,12496
21512,31256,34492,12478
22308,31236,34136,12454
23440,31164,33564,12437
24476,31312,33240,12428
26152,31840,32764,12424
27632,32076,32716,12427
28572,31568,33064,12435
29144,31020,33368,12439
28556,31164,33284,12450
26688,30976,33816,12473
24576,30656,34536,12501
22288,30604,35028,12532
17880,30068,35696,12547
18512,30328,35780,12549
20676,30304,36404,12551
21832,29980,35668,12571
21992,29616,35096,12585
23176,28908,34768,12581
25100,29048,34508,12582
26152,29428,34812,12589
26484,29616,34820,12592
26092,29892,35072,12597
25920,29616,34928,12597
25420,29332,35148,12599
24708,29324,35224,12600
23860,29592,35196,12601
23368,29812,34872,12598
22184,30044,34760,12598
19168,29824,35492,12596
19000,30544,34908,12589
21056,31132,33716,12589
21972,30772,33880,12588
22728,29704,33440,12576
21688,29516,33056,12556
21856,31344,32412,12531
24428,32296,32256,12513
26324,32188,32592,12509
27328,31704,32328,12503
28112,31796,32008,12497
28308,31136,32620,12501
27708,30824,33156,12507
26508,30900,33776,12514
24788,30868,34536,12531
21304,31336,35296,12555
18420,29616,37228,12560
22100,31964,37812,12583
22572,32196,37940,12612
22464,30912,37672,12656
23304,29164,37512,12665
24740,30048,37864,12652
25380,30076,37576,12637
25592,29960,37100,12649
25420,29884,36836,12658
25440,29876,36076,12663
25100,29880,35376,12661
24592,29812,34632,12658
23288,29868,33292,12656
22496,29948,32500,12658
23340,30504,31236,12667
25104,31396,30532,12685
23916,30372,33008,12721
19556,28992,33268,12754
23096,28972,32716,12739
23700,29908,32236,12710
22816,29840,32128,12674
22940,30500,32592,12632
24116,31292,32732,12597
23648,30320,32248,12569
24048,31184,31280,12552
24976,31060,32056,12542
25496,30648,32380,12531
25852,30384,32292,12511
26020,30164,32496,12490
25472,30592,32824,12477
24700,30804,33552,12467
23804,31052,34436,12453
23004,31816,34252,12444
23304,32268,34812,12442
23624,31928,35824,12440
23676,31720,36056,12430
24416,31720,36624,12412
26132,31716,37056,12394
25156,31664,37028,12396
23744,31384,35900,12415
24976,30632,35528,12424
26304,30068,34712,12421
25120,31580,34052,12416
25164,31720,33796,12416
25180,31320,33900,12414
25204,31000,33468,12411
25496,30848,33160,12410
25516,31048,33304,12412
25444,31364,33524,12415
24700,30944,33768,12418
23292,30520,34148,12413
22460,30400,34488,12400
21092,29832,34676,12359
21776,30228,34932,12319
23572,28804,35544,12287
25212,29252,34084,12268
24652,31004,33852,12253
24448,30532,33872,12246
24780,30584,33564,12234
25584,31148,33364,12221
26476,31368,33316,12217
27136,31256,33412,12216
27252,31164,33484,12229
27000,30888,33816,12246
26444,30896,33964,12274
24612,30664,34392,12299
22780,30648,34548,12316
21084,30656,34540,12308
20956,30440,34692,12278
23744,30652,34928,12236
25176,29596,35820,12214
24460,30536,34940,12216
24544,30704,34108,12214
24908,29944,34200,12213
25380,29524,34376,12220
26072,29792,34484,12226
26520,29780,34504,12227
26060,30108,34464,12231
25976,30348,34612,12238
25900,30444,34784,12245
24172,29780,35132,12253
22776,30004,35404,12259
21472,30064,35460,12251
20472,30320,35908,12250
21804,30952,34892,12231
22744,30944,34552,12203
22800,30904,34392,12174
23308,30752,33832,12151
23964,31380,33680,12137
24516,32000,33684,12126
25468,32308,33136,12118
26680,32120,33144,12121
27652,31912,33076,12127
27604,31300,33592,12138
26892,31348,33688,12149
25244,31144,33980,12166
23564,30744,34356,12187
20628,30364,34384,12200
20524,30108,34912,12189
23104,30528,35888,12186
22904,30540,35680,12210
23280,30744,34236,12228
23792,30308,34928,12224
24628,29612,35080,12217
25784,29696,34636,12221
26392,29752,34676,12227
26268,29816,34528,12236
25924,29768,34684,12252
25720,29476,34692,12263
24748,29220,34972,12274
23524,29460,35120,12276
22812,30120,35492,12280
22244,29680,35776,12276
21952,29680,35512,12280
21032,29432,35544,12276
21168,30476,34724,12273
22460,30948,34056,12264
23508,31180,33924,12245
23876,30916,33544,12224
24332,30776,33300,12203
24696,30928,33196,12191
26100,31712,32880,12180
27448,31992,32928,12182
27900,31736,33180,12198
26564,31076,33680,12222
25460,31028,33912,12238
24924,30836,34460,12252
23596,30676,34764,12268
22540,30452,35700,12278
23148,31448,35400,12295
22900,30032,36160,12329
23192,30500,35328,12352
23344,30068,35468,12365
24012,30148,35596,12365
24600,30152,35372,12349
25372,30300,35496,12340
25628,30112,35576,12336
25528,29880,35416,12338
25804,29680,35464,12347
25552,29064,35556,12357
23892,29400,36212,12369
23504,30052,35744,12372
21924,29940,36252,12371
21676,30624,35984,12380
22900,31188,35080,12374
23664,30120,35356,12373
22316,30312,34632,12373
21644,30092,34596,12367
22404,31204,34540,12362
23668,31744,34204,12349
24976,31936,33744,12337
26284,32140,33156,12318
27496,31700,33328,12314
28032,31328,33572,12313
27444,31128,33376,12307
25736,30572,34068,12302
23840,30312,34328,12308
21604,30316,34640,12310
22576,30696,35392,12305
23020,30576,36348,12319
22756,31084,35212,12362
23888,31192,34356,12390
24012,30452,35356,12411
24464,29492,35296,12427
25108,29516,35108,12440
25540,29824,35200,12448
25600,30208,35336,12445
25964,30140,35364,12437
25640,29804,35472,12431
24480,29532,35892,12441
23512,29464,35544,12456
23236,29628,35288,12474
21456,29244,35732,12495
22320,29616,34884,12504
23192,29856,34320,12505
23648,30084,34112,12501
23104,30084,33848,12493
22368,30480,33608,12480
22764,31220,33512,12463
24368,31464,33272,12445
25612,31284,33108,12434
27712,31316,33272,12430
27692,30980,33816,12415
26160,30752,34004,12392
25000,30808,34412,12371
24108,30892,34512,12351
23356,30956,34496,12337
24076,30856,34784,12328
23956,30200,35340,12316
23736,30168,35212,12309
24156,30528,34380,12315
24112,30228,34656,12320
23700,29884,35024,12325
23832,29660,35240,12333
24672,29568,35348,12334
25396,29836,35588,12337
25744,29996,35616,12350
25504,29528,35608,12363
24088,28784,35928,12371
22568,29048,35904,12366
20760,29044,35988,12343
21252,30132,35164,12315
23448,30076,34468,12297
23344,30084,34372,12279
22172,29528,33724,12271
21516,30132,32992,12259
22428,31180,33036,12253
23808,31740,32868,12249
25192,31744,32732,12234
26448,31240,32788,12222
27328,31252,32628,12215
26960,31052,32968,12210
25196,30800,33424,12216
24460,31396,33644,12227
24160,31252,34056,12233
23796,30968,34300,12244
24400,30888,34952,12242
24040,30568,35984,12219
23020,30712,35440,12220
22188,30476,34888,12241
22468,29892,35480,12255
23412,29644,35748,12254
23996,29528,35584,12254
24464,29840,35400,12257
25276,30084,35516,12271
26004,29992,35436,12285
25712,29412,35384,12299
24472,28740,35380,12313
22984,29092,35296,12327
22232,29532,35196,12331
21604,29976,35208,12331
22076,29780,34552,12333
21644,29820,34160,12325
21452,30304,33964,12304
20936,30508,33644,12277
20984,30724,33816,12258
22884,30864,33568,12235
24756,31724,33072,12210
26320,31948,32960,12191
27556,32048,32988,12179
28316,31760,33100,12179
27304,31076,33380,12190
25924,30688,33804,12212
25480,31100,34032,12233
24140,31376,35484,12252
23392,30928,34796,12283
23348,30360,35936,12333
20988,29896,36588,12365
21708,30188,35324,12385
23352,30420,34920,12390
23488,29204,34976,12384
23752,28864,34448,12372
24740,29128,34512,12368
25380,29736,34596,12373
25796,30240,34708,12368
26112,30032,34736,12369
25512,29240,35008,12371
23928,28592,35316,12375
23084,29128,35344,12382
23776,29692,35392,12384
23008,29592,35932,12382
21800,29132,35704,12387
19952,29668,34708,12381
20340,30712,34160,12376
21400,31084,34452,12378
22660,30668,34004,12376
22592,30272,33156,12365
22936,31052,32676,12345
25080,31960,32612,12317
27720,34676,31588,12299
29024,31760,33092,12295
26912,30632,33200,12315
24720,31184,32764,12307
24028,31344,33672,12296
22924,31136,34248,12305
23092,30304,34916,12310
23932,30344,36620,12304
23612,31388,35728,12322
23192,32312,35028,12373
23116,31576,35392,12420
23448,29792,35940,12447
24528,29416,36056,12466
24908,29812,35976,12478
25152,30376,35796,12494
25160,30488,35732,12509
25524,30164,35736,12511
25484,29684,35648,12508
24132,29056,35612,12504
22868,29396,35384,12501
22096,29704,35360,12498
21404,29816,35364,12494
22380,29808,34856,12488
22164,30324,34564,12483
21848,30452,34228,12475
21640,30536,33952,12472
22096,30612,34060,12467
23740,31204,33812,12459
24628,31280,33516,12455
25548,31692,33296,12450
26976,32080,33212,12455
27692,31908,33388,12456
27104,31592,33572,12450
25964,31244,33892,12441
25196,31148,34052,12434
24228,30884,34384,12431
24024,30596,34776,12429
23640,30208,35592,12424
22688,30128,36432,12428
22508,31216,34624,12445
22128,30512,34804,12463
22776,30064,35604,12469
23860,29580,35780,12480
24576,29492,35308,12481
24928,29836,35480,12486
25332,30260,35784,12499
25868,30112,35636,12514
25788,29332,35468,12525
24308,29120,35840,12536
23632,29884,35572,12529
23168,30144,35748,12505
21616,29704,35892,12486
21752,30208,35444,12466
22640,30488,35012,12449
21928,30820,34992,12432
21220,31152,34420,12421
22620,31272,33828,12406
24376,31388,33664,12395
25424,31144,33828,12387
26480,31748,33324,12380
27120,31656,33296,12378
27476,31576,33432,12381
27004,31504,33456,12392
25420,31328,33832,12412
25032,31108,34152,12427
23600,30636,34380,12443
22460,30436,34572,12446
22952,30420,35160,12420
22460,29948,36200,12393
22520,30708,35296,12385
23244,30872,34592,12391
23668,30168,35084,12393
24200,29504,34984,12397
24948,29276,34700,12399
25412,29632,34808,12399
25572,30148,35024,12403
25892,30144,34892,12410
25920,29784,34980,12418
25048,29236,35260,12421
23972,29876,35612,12426
22528,30084,35928,12426
21144,30460,36112,12428
22388,30652,35732,12431
22792,30952,35736,12426
22228,31036,35476,12406
22292,31216,35324,12381
22864,31356,35156,12356
24624,31728,34196,12342
26056,31756,33904,12331
27044,31608,33944,12324
27684,31868,33596,12320
27668,31632,33772,12325
26872,31412,33972,12338
26000,31188,34096,12357
25200,30892,34324,12373
23360,30308,34492,12386
20912,30316,34800,12390
21404,30464,34960,12379
21436,30076,35692,12377
22656,30668,34824,12381
24488,30736,34308,12384
24720,30000,34516,12378
24740,29484,34112,12366
25360,29576,34140,12354
26012,29948,34400,12345
26280,30128,34400,12342
26008,29740,34420,12341
25920,29440,34952,12344
25284,29292,35416,12349
24272,29604,36248,12346
22260,29564,36496,12338
20548,30096,36920,12340
24120,31172,36288,12352
24228,30892,36124,12381
21572,30120,36288,12399
21136,31080,32656,12409
22436,31484,35080,12405
24224,31608,34616,12396
25616,31588,34164,12376
26600,31680,33884,12347
27620,31896,33624,12324
27916,31756,33596,12316
27508,31388,33764,12317
26604,31088,33904,12322
25704,30932,34176,12326
22956,30444,34440,12334
19696,30028,34492,12326
21548,30532,34968,12312
23180,30204,35396,12304
23052,29964,34560,12313
23396,30056,34276,12323
23448,29692,34688,12341
24608,29496,34528,12356
25444,29520,34664,12367
25896,29552,34604,12369
26284,29608,34460,12368
26484,29444,34480,12354
25964,29164,34656,12340
24568,29464,34792,12327
23160,29920,35136,12318
20616,29600,35788,12304
21928,30676,35228,12289
23016,31480,34896,12279
22664,31560,34524,12278
22700,31204,34256,12270
20480,36820,34288,12287
23088,32952,33524,12268
24296,31656,33512,12263
25084,32048,33372,12257
26052,32064,33312,12254
26756,31856,33276,12257
26992,31404,33364,12253
26724,31168,33392,12238
25980,30928,33528,12218
25224,30692,33788,12196
24416,30924,34144,12186
22768,30876,34308,12183
19956,30628,34128,12176
19976,30264,33820,12158
23660,29616,34312,12153
23320,29720,35064,12166
23348,30536,34340,12169
24532,30764,34172,12174
25240,31256,34468,12187
25996,30840,34360,12202
26212,31256,34052,12214
26096,31436,33736,12221
26180,31636,33460,12237
25924,31612,33500,12249
25848,31736,33260,12240
25244,31880,33040,12217
24700,32156,33380,12195
23896,32716,33588,12172
22020,32232,34100,12149
20536,32924,34592,12120
23820,34164,34492,12095
23672,34888,36056,12087
23924,36132,35576,12085
24656,34988,34648,12073
23184,34592,33576,12062
24448,34104,33028,12045
24528,33620,33176,12052
23376,32084,33236,12050
24496,31156,32928,12029
24636,30644,32840,12020
23768,31264,33012,12007
24804,31260,32968,11984
25708,30388,33048,11955
26072,30304,33296,11930
25764,29672,33068,11906
23648,29356,33892,11888
25732,29824,34136,11877
25832,30044,34984,11874
24964,30092,35008,11883
24844,30460,35228,11887
24980,31016,35356,11899
25040,31404,34940,11917
25184,31500,34952,11940
25336,31416,34872,11964
25312,31288,34716,11985
25076,31108,34676,12004
24860,31024,34524,12021
24728,31028,34364,12030
24612,31004,34200,12026
24756,30812,34164,12005
24776,30792,34180,11989
24876,30804,34072,11982
24964,30884,34064,11973
24956,30896,34024,11968
25008,30916,33992,11964
24976,30916,34028,11965
24984,30884,34056,11964
24920,30872,34048,11964
24972,30880,34100,11963
24992,30912,34132,11966
24828,30844,34172,11971
24944,30800,34212,11972
25040,30788,34208,11978
24968,30748,34204,11982
25036,30748,34244,11984
24912,30736,34204,11974
24820,30688,34216,11957
24884,30660,34296,11940
24876,30596,34256,11927
24960,30560,34248,11916
24880,30216,34452,11907
24684,29836,34660,11898
24504,29580,34584,11891
24160,29808,34772,11885
24708,29184,34952,11872
25556,28372,34716,11867
25704,28448,34560,11865
25948,28392,34568,11863
26220,28388,34492,11869
26416,27972,34452,11873
25216,26696,38336,11881
27464,29572,35580,11898
28812,27932,35044,11982
30032,28360,35812,12078
27332,23568,36520,12100
31972,26212,35520,12078
31004,23860,35088,12032
32084,25668,34932,11839
33336,26884,34408,11610
33272,26980,34612,11576
33260,26652,34304,11926
33220,26024,34032,13762
33512,25612,34200,15159
33756,25204,33876,18771
34196,25344,33860,20600
34256,25020,34164,22089
34284,25008,33884,22706
34308,25232,33956,23426
34200,24768,33720,23754
34444,25236,33752,23990
34412,25076,33556,24143
34424,25080,33596,24293
34376,25188,33604,24279
34236,25072,33660,24308
34500,25196,33656,24339
34388,25080,33584,24339
34400,24932,33688,24308
34440,25132,33556,24254
34508,24836,33520,24204
34428,25040,33528,24133
34208,24920,33592,24070
34280,24984,33492,24037
34284,25028,33536,24034
34328,25040,33468,24018
34204,25008,33464,24021
34240,25076,33564,24009
34288,25060,33464,24001
34232,25092,33560,24001
34344,25116,33536,23969
34308,25008,33532,23959
34352,25080,33524,23899
34300,25024,33540,23884
34300,24936,33516,23832
34308,25008,33520,23759
34432,25044,33460,23736
34340,24992,33452,23698
34276,24956,33412,23640
34372,25040,33384,23601
34368,24964,33316,23594
34308,24988,33336,23568
34288,25020,33344,23541
34260,25020,33380,23531
34264,25028,33264,23515
34312,25064,33252,23472
34280,25164,33200,23473
34312,25008,33068,23481
34352,24896,32940,23450
34408,24964,32984,23386
34324,24816,32960,23343
34316,24960,33020,23276
34292,24912,32932,23220
34332,25080,32944,23183
34268,25036,32892,23147
34296,25008,32816,23124
34224,24932,32796,23093
34356,25040,32804,23058
34368,24956,32876,23046
34324,24912,32864,23038
34204,24944,32960,23032
34308,25068,32932,23075
34392,25064,32888,23105
34356,24964,32740,23118
34392,24904,32748,23105
34404,24984,32668,23080
34400,25020,32696,23063
34432,25096,32724,23036
34480,25188,32676,23021
34568,25100,32652,23011
34616,25060,32564,22995
34616,24988,32540,22989
34552,24976,32528,22962
34504,25016,32568,22956
34500,25004,32660,22949
34528,24968,32628,22939
34556,25000,32680,22926
34692,25092,32616,22918
34564,25048,32568,22922
34564,25024,32556,22903
34588,25048,32536,22901
34532,25024,32572,22896
34428,25004,32596,22886
34492,24968,32640,22886
34552,24940,32644,22876
34572,24928,32548,22859
34460,25064,32608,22837
34480,25024,32624,22818
34484,25024,32552,22792
34516,25032,32600,22778
34532,25020,32664,22766
34572,25072,32508,22760
34580,25104,32588,22748
34512,25044,32592,22722
34488,25036,32636,22700
34560,25080,32608,22693
34624,25000,32548,22669
34704,25144,32564,22678
34688,25108,32588,22691
34716,25120,32612,22723
34736,25172,32680,22745
34504,25264,32776,22775
34484,25060,32804,22780
34448,25156,32792,22781
34652,25080,33108,22849
34700,25156,33268,23047
34824,25068,33236,23189
34776,25076,33124,23249
34720,25020,32968,23267
34212,25140,32948,23346
34000,25248,32820,23624
33940,24912,32996,24350
33740,24728,33000,24418
33560,24036,33404,19327
34076,24332,34896,16384
34436,26476,35216,12144
34592,25148,33808,12036
35192,27444,34004,12188
33708,24972,34784,12387
33476,24360,34616,12479
33580,24748,33760,12555
34008,25060,33344,12600
34308,24648,33012,12628
34356,24296,32728,12647
34108,24656,33172,12657
34132,25288,32712,12664
34080,25428,32672,12677
34148,24608,31860,12682
34172,24436,32224,12673
34260,25144,32428,12657
34524,24832,32688,12638
35256,25520,32512,12626
35284,25576,32716,12621
35136,25076,32824,12620
35008,25372,32888,12623
35108,25192,33024,12628
35412,25656,32988,12629
35636,26004,32556,12618
35608,24916,31804,12589
36612,25824,31640,12559
35644,24072,33540,12527
35676,26636,31928,12462
33208,25636,32516,12630
34728,25484,32072,15527
35444,25220,31260,21673
35252,25272,31164,27816
35380,25348,31152,33959
35320,25328,31292,40058
35080,25476,31336,41298
35136,25180,31280,41394
35120,25304,31252,41445
35168,25432,31248,41689
35084,25544,31280,41906
35100,25580,31116,41791
35076,25300,30988,41938
35016,25368,31088,42030
35132,25228,30796,42233
35148,25392,30536,41959
35004,25512,30624,40969
34844,25840,30400,38912
34476,25204,30916,36332
34972,25048,30372,37688
35420,25820,31028,39013
35220,25752,30752,38690
35384,26000,29764,37883
35056,25780,29676,35221
35320,25328,29680,32768
34608,27568,29768,26624
35048,25036,30428,20480
35764,25516,30176,14336
35412,25924,30320,10323
35552,25848,30312,10224
35668,25580,30180,9856
35728,25492,30196,9784
35684,25596,30240,9725
35600,25768,30196,9665
35556,25972,30200,9618
35612,25812,30048,9581
35520,25632,30152,9548
35496,25732,30096,9516
35536,25716,30004,9491
35456,25668,30036,9468
35364,25664,30020,9449
35388,25600,29968,9437
35288,25632,30016,9423
35248,25780,29980,9414
35308,25880,29984,9409
35272,25768,29908,9400
35296,25652,29972,9385
35260,25696,29976,9359
35228,25624,29988,9334
35188,25592,30032,9315
35204,25700,30096,9300
35280,25696,30100,9285
35184,25604,30076,9276
35236,25668,30024,9271
35236,25644,30132,9261
35276,25708,30164,9257
35332,25720,30176,9255
35328,25720,30132,9249
35384,25684,30092,9244
35356,25688,30084,9241
35312,25624,30056,9240
35240,25644,30140,9237
35232,25532,30164,9236
35200,25632,30220,9230
35292,25720,30220,9214
35388,25732,30220,9201
35404,25580,30196,9183
35380,25472,30164,9172
35312,25540,30136,9161
35400,25936,30220,9155
35432,26000,30308,9148
35484,25884,30168,9144
35364,25588,30020,9138
35240,25544,29848,9136
35180,25624,29952,9135
35084,25528,30152,9134
35116,25572,30344,9142
35256,25536,30380,9147
35400,25564,30340,9159
35376,25624,30228,9164
35336,25616,29984,9168
35236,25704,29948,9168
35100,25748,30016,9160
35120,25756,30072,9147
35120,25620,30152,9133
35208,25500,30224,9128
35284,25592,30260,9122
35360,25664,30200,9119
35360,25764,30060,9119
35308,25700,29952,9115
35192,25632,29996,9113
35200,25660,30076,9116
35152,25592,30164,9118
35208,25644,30144,9122
35208,25632,30176,9127
35160,25568,30104,9132
35136,25580,30148,9140
35180,25696,30060,9149
35232,25624,30056,9157
35196,25712,30140,9161
35236,25692,30084,9155
35152,25588,30120,9146
35108,25540,30092,9141
35132,25528,30132,9136
35136,25624,30156,9135
35172,25704,30168,9137
35212,25692,30124,9138
35188,25688,30076,9139
35204,25680,30032,9138
35156,25640,30024,9142
35124,25632,30088,9146
35148,25680,30108,9154
35148,25640,30144,9161
35108,25552,30156,9172
35136,25608,30132,9177
35092,25608,30136,9188
35144,25712,30144,9195
35180,25732,30108,9202
35168,25672,30068,9210
35160,25628,30060,9209
35168,25584,30084,9204
35148,25632,30160,9199
35204,25640,30116,9199
35208,25652,30128,9195
35176,25712,30072,9194
35204,25704,30060,9193
35168,25620,30080,9197
35160,25596,30040,9201
35080,25604,30068,9204
35116,25632,30076,9207
35140,25624,30092,9210
35136,25652,30128,9217
35244,25668,30120,9220
35232,25688,30088,9220
35244,25660,30060,9223
35224,25640,29992,9230
35144,25656,30008,9240
35136,25632,30024,9247
35140,25624,30052,9251
35196,25624,30140,9252
35240,25664,30060,9248
35208,25636,30044,9245
35192,25652,30024,9246
35196,25640,29984,9247
35192,25652,30008,9254
35188,25672,30032,9260
35208,25672,30064,9270
35208,25596,30048,9275
35188,25584,30044,9285
35156,25652,30108,9295
35164,25672,30088,9303
35184,25624,30096,9313
35240,25608,30032,9323
35196,25656,30060,9332
35228,25752,29952,9339
35164,25716,30060,9344
35212,25676,30052,9352
35232,25660,29980,9359
35260,25696,30032,9361
35196,25712,30076,9354
35220,25636,29976,9345
35288,25696,30028,9344
35244,25532,29996,9327
35192,25636,30036,9317
35304,25528,30496,9300
35560,26196,29748,9289
35428,26164,30140,9276
35452,25572,29636,9248
35256,25592,29776,9246
35208,25764,29436,9219
35216,25912,29224,9199
35292,25776,29168,9179
35456,26020,28976,9156
35424,26336,29228,9139
36160,24848,29584,9156
26180,24612,33152,9178
34660,24764,29308,11148
35280,25132,29424,13480
35868,26008,28212,19624
35964,25600,28244,25768
34480,26152,28780,31911
34504,26324,28928,38057
34456,26280,29224,44178
34544,26236,29304,45550
34648,25972,29316,45435
34764,25896,29316,45277
34868,25864,29356,45383
34860,25844,29304,45507
34940,25792,29312,45754
34872,25936,29188,45642
34860,25920,28936,45611
34820,26096,28864,45464
34684,26272,28768,45148
34812,26356,28452,44635
35276,26392,28348,42128
36572,26856,28860,38912
29940,26620,34216,32768
36980,24196,30408,26624
35720,25764,29936,20480
35772,26420,29708,14336
35688,26596,29340,9873
35800,26588,29220,9449
35924,26172,29412,9387
35900,25724,29584,9350
35712,25684,29556,9264
35520,26048,29380,9149
35444,26300,29232,9070
35520,26300,29220,9033
35604,26040,29352,9034
35680,26020,29264,9023
35628,26096,29104,8986
35524,26288,28992,8956
35400,26276,29032,8934
35376,26116,29112,8935
35400,26084,29224,8928
35380,26048,29152,8908
35340,26136,29068,8878
35344,26160,29000,8864
35320,26108,29060,8858
35332,26064,29112,8857
35344,26080,29132,8861
35336,26172,29088,8858
35372,26192,29084,8863
35396,26188,29084,8858
35408,26140,29060,8857
35328,26052,29056,8845
35320,26072,29156,8841
35324,26124,29160,8845
35368,26156,29172,8844
35432,26204,29116,8845
35424,26168,29004,8844
35344,26072,29020,8844
35304,25992,29088,8847
35364,26044,29140,8844
35360,26136,29268,8844
35364,26204,29152,8841
35344,26100,29096,8838
35336,26160,28980,8833
35288,26080,28984,8828
35256,26024,29100,8825
35316,26036,29232,8827
35348,26068,29216,8829
35316,26028,29188,8829
35356,26064,29096,8832
35360,26144,29068,8835
35312,26116,29068,8839
35304,26020,29152,8840
35200,25992,29180,8843
35184,26056,29228,8849
35284,26120,29136,8854
35252,26068,29144,8853
35328,26000,29176,8851
35328,26084,29184,8846
35316,25992,29188,8844
35248,26084,29172,8844
35260,26144,29160,8846
35260,26128,29132,8843
35184,26044,29096,8844
35212,26056,29208,8846
35252,26100,29188,8845
35216,26048,29204,8848
35300,26072,29120,8850
35268,26112,29124,8854
35284,26048,29164,8852
35260,26052,29168,8852
35292,26008,29192,8855
35288,26072,29164,8861
35240,26064,29108,8868
35236,26076,29072,8868
35248,26048,29092,8867
35236,26072,29120,8866
35260,26104,29188,8863
35248,26004,29180,8858
35232,26068,29172,8854
35296,26132,29108,8857
35288,26064,29120,8858
35268,26084,29140,8859
35264,26060,29168,8858
35276,26044,29156,8863
35260,26112,29176,8863
35268,26048,29156,8864
35216,26104,29140,8866
35284,26164,29080,8866
35296,26032,29104,8871
35228,26068,29136,8876
35300,26104,29140,8879
35228,26096,29172,8883
35252,26124,29184,8886
35292,26148,29192,8884
35288,26064,29080,8877
35288,26076,29144,8874
35244,26096,29164,8872
35268,26096,29168,8874
35232,26040,29184,8876
35252,26068,29120,8875
35280,26044,29132,8879
35280,26104,29092,8883
35288,26088,29108,8887
35288,26068,29188,8889
35300,25916,29280,8894
35356,25912,29424,8901
35520,25916,29404,8910
35596,26148,29216,8921
35540,26232,29032,8933
35496,26404,28724,8937
35596,26436,28728,8942
35452,26152,28804,8946
35488,26008,28724,8941
35436,26092,28860,8937
35460,26196,28944,8931
35420,26240,29068,8925
25804,23948,26772,9394
37340,26792,27744,11235
36720,27052,28532,9634
35272,25372,28820,9320
31964,26124,31272,10379
35752,26056,29464,13368
35236,26028,29608,19623
35020,26272,28136,25768
36340,26216,27616,31912
35244,26612,28216,37484
35576,26756,28528,40097
35664,26716,28832,43591
35532,26676,29076,44792
35428,26556,29208,45138
35280,26656,29072,45521
35336,26772,28756,45318
35500,27272,28660,42403
36480,25756,29768,38912
27456,25780,31652,32768
36716,25320,28992,26624
36008,26300,29492,20480
36064,26132,29660,14336
36072,25888,29640,9552
36032,25820,29696,9188
35920,25840,29576,9167
35684,25544,29664,9151
35424,25888,29620,9139
35376,26056,29484,9134
35260,26116,29380,9140
35272,26028,29392,9142
35320,26004,29332,9134
35340,25984,29288,9121
35352,25912,29324,9111
35292,25864,29428,9101
35204,25868,29384,9098
35124,25916,29336,9090
35080,25996,29308,9089
35016,25904,29256,9090
34996,25900,29240,9093
35032,25984,29280,9092
35088,26008,29360,9088
35132,26092,29300,9082
35128,25860,29236,9080
35152,25908,29224,9076
35096,25792,29252,9078
35076,26004,29244,9079
35052,26048,29208,9080
35044,25980,29176,9078
34996,25904,29228,9071
35004,25916,29236,9068
35052,25984,29240,9057
35028,25884,29244,9049
34980,25888,29196,9049
35076,26004,29148,9047
35008,26008,29148,9047
35044,26008,29176,9046
35056,25964,29152,9044
35000,25908,29180,9044
34912,25876,29176,9043
34924,25916,29212,9052
34948,25856,29212,9054
34932,25976,29228,9057
34972,25888,29192,9059
34960,25840,29248,9064
35028,25928,29276,9071
35052,25972,29280,9078
35096,26040,29312,9074
35128,26004,29252,9069
35076,25980,29220,9063
35060,25892,29208,9056
34964,25908,29260,9049
34904,25968,29312,9048
34944,25928,29248,9049
34952,25880,29256,9039
35028,25924,29232,9039
35048,25956,29236,9041
35040,25944,29172,9036
34976,25944,29204,9042
34980,25976,29212,9044
34996,25944,29240,9047
35008,25924,29260,9053
35056,25888,29256,9059
35048,25924,29268,9058
34996,25932,29232,9060
34976,25932,29184,9066
34960,25908,29168,9063
34904,25920,29216,9064
34972,25940,29296,9062
35020,25924,29256,9054
35040,25840,29252,9058
35028,25928,29248,9060
35020,26016,29256,9061
35040,25976,29244,9062
35056,25972,29236,9062
35100,25880,29240,9057
35168,25920,29252,9060
35152,25924,29236,9060
35096,25848,29268,9058
35104,25924,29344,9062
35168,26020,29396,9064
35188,26056,29380,9064
35260,26072,29292,9068
35376,26112,29236,9077
35464,26024,29252,9082
35436,25984,29324,9087
35540,26120,29372,9087
35604,26160,29304,9087
35452,26056,29288,9080
35328,25856,29360,9076
35116,25972,29448,9081
35384,26512,29324,9087
35608,26520,29220,9089
35636,26168,29132,9086
35608,25932,29180,9078
35496,25756,29352,9078
35500,25896,29476,9087
35456,25900,29616,9091
35504,26020,29588,9100
35568,26044,29448,9109
35640,26140,29284,9116
35660,26200,29300,9125
35540,26172,29236,9132
35460,26176,29148,9135
35376,26008,29156,9136
35336,26048,29236,9138
35396,26136,29288,9135
35476,26148,29276,9134
35532,26108,29280,9128
35540,26032,29240,9127
35492,26008,29220,9131
35428,25956,29260,9134
35360,26080,29332,9137
